{
    "onset_tone_num": {
        "1": {
            "ə": 0.0783132530120482,
            "ɪ": 0.0783132530120482,
            "e": 0.1686746987951807,
            "æ": 0.13253012048192772,
            "i": 0.04216867469879518,
            "ɑ": 0.09036144578313253,
            "oʊ": 0.012048192771084338,
            "æn": 0.0963855421686747,
            "eɪ": 0.030120481927710843,
            "ɔ": 0.006024096385542169,
            "eɪn": 0.012048192771084338,
            "æk": 0.018072289156626505,
            "ɑr": 0.04216867469879518,
            "æʃ": 0.006024096385542169,
            "aɪ": 0.012048192771084338,
            "el": 0.024096385542168676,
            "ɑn": 0.006024096385542169,
            "ɔl": 0.012048192771084338,
            "ed": 0.018072289156626505,
            "ɑrz": 0.006024096385542169,
            "æl": 0.024096385542168676,
            "æm": 0.006024096385542169,
            "ɜr": 0.03614457831325301,
            "en": 0.012048192771084338,
            "əl": 0.006024096385542169,
            "ɑrm": 0.006024096385542169,
            "ɪl": 0.006024096385542169,
            "ez": 0.006024096385542169,
            "ɪr": 0.006024096385542169
        },
        "2": {
            "em": 0.2,
            "ɪn": 0.2,
            "ju": 0.2,
            "e": 0.2,
            "ɑk": 0.2
        },
        "3": {
            "e": 0.26666666666666666,
            "aɪ": 0.06666666666666667,
            "ə": 0.06666666666666667,
            "ɪz": 0.06666666666666667,
            "æm": 0.06666666666666667,
            "oʊ": 0.06666666666666667,
            "i": 0.06666666666666667,
            "eɪ": 0.06666666666666667,
            "ɜrl": 0.06666666666666667,
            "el": 0.06666666666666667,
            "ɜr": 0.06666666666666667,
            "ez": 0.06666666666666667
        },
        "4": {
            "oʊ": 0.06451612903225806,
            "e": 0.16129032258064516,
            "ɑ": 0.08870967741935484,
            "eɪ": 0.0967741935483871,
            "æ": 0.16129032258064516,
            "i": 0.008064516129032258,
            "ɜr": 0.016129032258064516,
            "ə": 0.0967741935483871,
            "aɪ": 0.07258064516129033,
            "ɔ": 0.03225806451612903,
            "ɑr": 0.008064516129032258,
            "eɪs": 0.008064516129032258,
            "ɑk": 0.008064516129032258,
            "el": 0.016129032258064516,
            "iv": 0.008064516129032258,
            "ɪ": 0.008064516129032258,
            "ɑl": 0.016129032258064516,
            "ɔr": 0.016129032258064516,
            "eɪmz": 0.008064516129032258,
            "ɪn": 0.016129032258064516,
            "æl": 0.008064516129032258,
            "ɔl": 0.024193548387096774,
            "aɪvz": 0.008064516129032258,
            "ɑg": 0.008064516129032258,
            "ɑs": 0.008064516129032258,
            "ɔz": 0.016129032258064516,
            "oʊl": 0.008064516129032258,
            "aɪk": 0.008064516129032258
        }
    },
    "onset_en_ipa": {
        "oʊ": {
            "4": 0.7272727272727273,
            "1": 0.18181818181818182,
            "3": 0.09090909090909091
        },
        "e": {
            "4": 0.37735849056603776,
            "3": 0.07547169811320754,
            "1": 0.5283018867924528,
            "2": 0.018867924528301886
        },
        "ɑ": {
            "4": 0.4230769230769231,
            "1": 0.5769230769230769
        },
        "ə": {
            "1": 0.5,
            "4": 0.46153846153846156,
            "3": 0.038461538461538464
        },
        "eɪ": {
            "4": 0.6666666666666666,
            "1": 0.2777777777777778,
            "3": 0.05555555555555555
        },
        "ɪ": {
            "1": 0.9285714285714286,
            "4": 0.07142857142857142
        },
        "æ": {
            "4": 0.47619047619047616,
            "1": 0.5238095238095238
        },
        "i": {
            "1": 0.7777777777777778,
            "4": 0.1111111111111111,
            "3": 0.1111111111111111
        },
        "ɜr": {
            "4": 0.2222222222222222,
            "1": 0.6666666666666666,
            "3": 0.1111111111111111
        },
        "aɪ": {
            "4": 0.75,
            "3": 0.08333333333333333,
            "1": 0.16666666666666666
        },
        "æn": {
            "1": 1.0
        },
        "ɔ": {
            "4": 0.8,
            "1": 0.2
        },
        "eɪn": {
            "1": 1.0
        },
        "æk": {
            "1": 1.0
        },
        "ɑr": {
            "1": 0.875,
            "4": 0.125
        },
        "æʃ": {
            "1": 1.0
        },
        "eɪs": {
            "4": 1.0
        },
        "em": {
            "2": 1.0
        },
        "el": {
            "1": 0.5714285714285714,
            "4": 0.2857142857142857,
            "3": 0.14285714285714285
        },
        "ɪz": {
            "3": 1.0
        },
        "ɑk": {
            "4": 0.5,
            "2": 0.5
        },
        "ɑn": {
            "1": 1.0
        },
        "ɔl": {
            "1": 0.4,
            "4": 0.6
        },
        "ed": {
            "1": 1.0
        },
        "iv": {
            "4": 1.0
        },
        "ɑrz": {
            "1": 1.0
        },
        "æm": {
            "3": 0.5,
            "1": 0.5
        },
        "æl": {
            "1": 0.8,
            "4": 0.2
        },
        "ɪn": {
            "2": 0.3333333333333333,
            "4": 0.6666666666666666
        },
        "ɑl": {
            "4": 1.0
        },
        "ɔr": {
            "4": 1.0
        },
        "en": {
            "1": 1.0
        },
        "əl": {
            "1": 1.0
        },
        "eɪmz": {
            "4": 1.0
        },
        "ju": {
            "2": 1.0
        },
        "ɑrm": {
            "1": 1.0
        },
        "ɜrl": {
            "3": 1.0
        },
        "ɪl": {
            "1": 1.0
        },
        "ez": {
            "1": 0.5,
            "3": 0.5
        },
        "aɪvz": {
            "4": 1.0
        },
        "ɑg": {
            "4": 1.0
        },
        "ɑs": {
            "4": 1.0
        },
        "ɔz": {
            "4": 1.0
        },
        "ɪr": {
            "1": 1.0
        },
        "oʊl": {
            "4": 1.0
        },
        "aɪk": {
            "4": 1.0
        }
    }
}