{"onset_tone_num": {"1": {"ə": 0.07651245551601424, "ɪ": 0.046263345195729534, "e": 0.13701067615658363, "æ": 0.08540925266903915, "i": 0.033807829181494664, "ɑ": 0.10854092526690391, "oʊ": 0.008896797153024912, "æn": 0.051601423487544484, "eɪ": 0.030249110320284697, "ɔ": 0.0017793594306049821, "eɪn": 0.0071174377224199285, "æk": 0.005338078291814947, "ɑr": 0.05516014234875445, "æʃ": 0.012455516014234875, "aɪ": 0.008896797153024912, "el": 0.014234875444839857, "ɑn": 0.010676156583629894, "ɔl": 0.010676156583629894, "ed": 0.017793594306049824, "ɑrz": 0.0017793594306049821, "æl": 0.028469750889679714, "æm": 0.0035587188612099642, "ɜr": 0.03202846975088968, "en": 0.012455516014234875, "əl": 0.0017793594306049821, "ɑrm": 0.005338078291814947, "ɪl": 0.008896797153024912, "ez": 0.0017793594306049821, "ɪr": 0.0017793594306049821, "ɪg": 0.0017793594306049821, "ʌl": 0.005338078291814947, "æd": 0.0017793594306049821, "ɪŋ": 0.014234875444839857, "ʌn": 0.0035587188612099642, "æt": 0.0035587188612099642, "ɪn": 0.010676156583629894, "ɑl": 0.033807829181494664, "eŋ": 0.008896797153024912, "ɜrnst": 0.0017793594306049821, "jɜr": 0.0035587188612099642, "eɪl": 0.0035587188612099642, "ist": 0.0035587188612099642, "iz": 0.0017793594306049821, "ɑrs": 0.0017793594306049821, "ɑrnt": 0.0017793594306049821, "elz": 0.0035587188612099642, "əd": 0.0017793594306049821, "oʊn": 0.0017793594306049821, "ɑŋ": 0.0035587188612099642, "edʒ": 0.0017793594306049821, "æb": 0.0071174377224199285, "ɪs": 0.0017793594306049821, "æŋ": 0.005338078291814947, "æg": 0.0017793594306049821, "u": 0.0035587188612099642, "idz": 0.0035587188612099642, "ɜrb": 0.0017793594306049821, "em": 0.0035587188612099642, "æz": 0.0017793594306049821, "ivz": 0.0017793594306049821, "ɔŋ": 0.0017793594306049821, "ɑrd": 0.0017793594306049821, "ɜrd": 0.0035587188612099642, "ætʃ": 0.0017793594306049821, "ɑlt": 0.0017793594306049821, "ɔr": 0.0017793594306049821, "ɑs": 0.0017793594306049821, "eg": 0.0017793594306049821, "ju": 0.0017793594306049821, "ek": 0.0035587188612099642, "ɪz": 0.0017793594306049821, "aɪs": 0.0017793594306049821, "ʌŋ": 0.0017793594306049821, "ɑrmz": 0.0017793594306049821, "ɪm": 0.0017793594306049821, "ʊl": 0.0017793594306049821, "ɪk": 0.0017793594306049821}, "2": {"ju": 0.6, "ɜr": 0.1, "ʌŋ": 0.1, "ʌn": 0.1, "ʌ": 0.1}, "3": {"e": 0.12, "aɪ": 0.04, "ə": 0.04, "ɪz": 0.04, "i": 0.08, "ɜrl": 0.08, "ɜr": 0.16, "ez": 0.04, "ʌp": 0.12, "aʊ": 0.04, "ɑr": 0.04, "ʌ": 0.08, "ɜrlz": 0.04, "ɪm": 0.04, "ɜrp": 0.04}, "4": {"oʊ": 0.1864951768488746, "e": 0.1157556270096463, "ɑ": 0.09646302250803858, "eɪ": 0.05144694533762058, "æ": 0.08681672025723473, "i": 0.012861736334405145, "ɜr": 0.01929260450160772, "ə": 0.05466237942122187, "aɪ": 0.07395498392282958, "ɔ": 0.04501607717041801, "ɑr": 0.003215434083601286, "eɪs": 0.003215434083601286, "ɑk": 0.00964630225080386, "el": 0.006430868167202572, "iv": 0.003215434083601286, "ɪ": 0.006430868167202572, "ɑl": 0.00964630225080386, "ɔr": 0.03215434083601286, "eɪmz": 0.003215434083601286, "æl": 0.01929260450160772, "ɔl": 0.02572347266881029, "aɪvz": 0.003215434083601286, "ɑg": 0.003215434083601286, "ɑs": 0.00964630225080386, "ɔz": 0.00964630225080386, "oʊl": 0.02572347266881029, "aɪk": 0.003215434083601286, "ɑt": 0.006430868167202572, "eps": 0.003215434083601286, "oʊks": 0.006430868167202572, "ɔlt": 0.006430868167202572, "ep": 0.003215434083601286, "oʊts": 0.003215434083601286, "erz": 0.003215434083601286, "oʊlm": 0.003215434083601286, "ek": 0.006430868167202572, "oʊldz": 0.003215434083601286, "ʌ": 0.003215434083601286, "ɔrθ": 0.003215434083601286, "ɑks": 0.003215434083601286, "aʊ": 0.006430868167202572, "id": 0.003215434083601286, "aɪt": 0.003215434083601286, "aɪz": 0.003215434083601286, "eb": 0.003215434083601286, "ɔrmz": 0.003215434083601286, "aɪd": 0.003215434083601286}}, "onset_en_ipa": {"oʊ": {"4": 0.9206349206349206, "1": 0.07936507936507936}, "e": {"4": 0.3103448275862069, "3": 0.02586206896551724, "1": 0.6637931034482759}, "ɑ": {"4": 0.32967032967032966, "1": 0.6703296703296703}, "ə": {"1": 0.7049180327868853, "4": 0.2786885245901639, "3": 0.01639344262295082}, "eɪ": {"4": 0.48484848484848486, "1": 0.5151515151515151}, "ɪ": {"1": 0.9285714285714286, "4": 0.07142857142857142}, "æ": {"4": 0.36, "1": 0.64}, "i": {"1": 0.76, "4": 0.16, "3": 0.08}, "ɜr": {"4": 0.20689655172413793, "1": 0.6206896551724138, "3": 0.13793103448275862, "2": 0.034482758620689655}, "aɪ": {"4": 0.7931034482758621, "3": 0.034482758620689655, "1": 0.1724137931034483}, "æn": {"1": 1.0}, "ɔ": {"4": 0.9333333333333333, "1": 0.06666666666666667}, "eɪn": {"1": 1.0}, "æk": {"1": 1.0}, "ɑr": {"1": 0.9393939393939394, "4": 0.030303030303030304, "3": 0.030303030303030304}, "æʃ": {"1": 1.0}, "eɪs": {"4": 1.0}, "el": {"1": 0.8, "4": 0.2}, "ɪz": {"3": 0.5, "1": 0.5}, "ɑk": {"4": 1.0}, "ɑn": {"1": 1.0}, "ɔl": {"1": 0.42857142857142855, "4": 0.5714285714285714}, "ed": {"1": 1.0}, "iv": {"4": 1.0}, "ɑrz": {"1": 1.0}, "æl": {"1": 0.7272727272727273, "4": 0.2727272727272727}, "æm": {"1": 1.0}, "ɑl": {"4": 0.13636363636363635, "1": 0.8636363636363636}, "ɔr": {"4": 0.9090909090909091, "1": 0.09090909090909091}, "en": {"1": 1.0}, "əl": {"1": 1.0}, "eɪmz": {"4": 1.0}, "ju": {"2": 0.8571428571428571, "1": 0.14285714285714285}, "ɑrm": {"1": 1.0}, "ɜrl": {"3": 1.0}, "ɪl": {"1": 1.0}, "ez": {"1": 0.5, "3": 0.5}, "aɪvz": {"4": 1.0}, "ɑg": {"4": 1.0}, "ɑs": {"4": 0.75, "1": 0.25}, "ɔz": {"4": 1.0}, "ɪr": {"1": 1.0}, "oʊl": {"4": 1.0}, "aɪk": {"4": 1.0}, "ɪg": {"1": 1.0}, "ɑt": {"4": 1.0}, "ʌl": {"1": 1.0}, "æd": {"1": 1.0}, "ɪŋ": {"1": 1.0}, "ʌn": {"1": 0.6666666666666666, "2": 0.3333333333333333}, "æt": {"1": 1.0}, "ɪn": {"1": 1.0}, "eŋ": {"1": 1.0}, "eps": {"4": 1.0}, "ɜrnst": {"1": 1.0}, "jɜr": {"1": 1.0}, "oʊks": {"4": 1.0}, "eɪl": {"1": 1.0}, "ist": {"1": 1.0}, "ɔlt": {"4": 1.0}, "iz": {"1": 1.0}, "ɑrs": {"1": 1.0}, "ʌŋ": {"2": 0.5, "1": 0.5}, "ɑrnt": {"1": 1.0}, "ʌp": {"3": 1.0}, "ep": {"4": 1.0}, "elz": {"1": 1.0}, "əd": {"1": 1.0}, "oʊn": {"1": 1.0}, "ɑŋ": {"1": 1.0}, "oʊts": {"4": 1.0}, "edʒ": {"1": 1.0}, "erz": {"4": 1.0}, "æb": {"1": 1.0}, "ɪs": {"1": 1.0}, "æŋ": {"1": 1.0}, "æg": {"1": 1.0}, "u": {"1": 1.0}, "idz": {"1": 1.0}, "ɜrb": {"1": 1.0}, "em": {"1": 1.0}, "aʊ": {"3": 0.3333333333333333, "4": 0.6666666666666666}, "æz": {"1": 1.0}, "oʊlm": {"4": 1.0}, "ivz": {"1": 1.0}, "ek": {"4": 0.5, "1": 0.5}, "ɔŋ": {"1": 1.0}, "oʊldz": {"4": 1.0}, "ʌ": {"3": 0.5, "4": 0.25, "2": 0.25}, "ɑrd": {"1": 1.0}, "ɜrd": {"1": 1.0}, "ɔrθ": {"4": 1.0}, "ætʃ": {"1": 1.0}, "ɜrlz": {"3": 1.0}, "ɑks": {"4": 1.0}, "ɑlt": {"1": 1.0}, "eg": {"1": 1.0}, "id": {"4": 1.0}, "aɪt": {"4": 1.0}, "aɪs": {"1": 1.0}, "ɑrmz": {"1": 1.0}, "ɪm": {"3": 0.5, "1": 0.5}, "ɜrp": {"3": 1.0}, "ʊl": {"1": 1.0}, "aɪz": {"4": 1.0}, "eb": {"4": 1.0}, "ɪk": {"1": 1.0}, "ɔrmz": {"4": 1.0}, "aɪd": {"4": 1.0}}, "onset_zh": {"奥": {"oʊ": 0.36363636363636365, "ɑ": 0.14935064935064934, "ɜr": 0.012987012987012988, "ɔ": 0.09090909090909091, "ɑk": 0.01948051948051948, "ə": 0.01948051948051948, "ɑl": 0.01948051948051948, "ɔr": 0.06493506493506493, "æl": 0.025974025974025976, "ɔl": 0.045454545454545456, "ɑg": 0.006493506493506494, "ɑs": 0.01948051948051948, "ɔz": 0.01948051948051948, "oʊl": 0.05194805194805195, "ɑt": 0.012987012987012988, "oʊks": 0.012987012987012988, "ɔlt": 0.012987012987012988, "oʊts": 0.006493506493506494, "oʊlm": 0.006493506493506494, "oʊldz": 0.006493506493506494, "ɔrθ": 0.006493506493506494, "ɑks": 0.006493506493506494, "aʊ": 0.012987012987012988, "ɔrmz": 0.006493506493506494}, "艾": {"e": 0.25862068965517243, "eɪ": 0.11206896551724138, "i": 0.034482758620689655, "ə": 0.0603448275862069, "aɪ": 0.1724137931034483, "æ": 0.13793103448275862, "ɑ": 0.05172413793103448, "eɪs": 0.008620689655172414, "el": 0.017241379310344827, "ɪ": 0.008620689655172414, "eɪmz": 0.008620689655172414, "aɪvz": 0.008620689655172414, "ɜr": 0.017241379310344827, "aɪk": 0.008620689655172414, "æl": 0.017241379310344827, "eps": 0.008620689655172414, "erz": 0.008620689655172414,