{"onset_tone_num": {"1": {"ə": 0.0718232044198895, "ɪ": 0.07734806629834254, "e": 0.1712707182320442, "æ": 0.13259668508287292, "i": 0.03867403314917127, "ɑ": 0.08839779005524862, "oʊ": 0.011049723756906077, "æn": 0.09944751381215469, "eɪ": 0.027624309392265192, "ɔ": 0.0055248618784530384, "eɪn": 0.011049723756906077, "æk": 0.016574585635359115, "ɑr": 0.04419889502762431, "æʃ": 0.0055248618784530384, "aɪ": 0.011049723756906077, "el": 0.022099447513812154, "ɑn": 0.0055248618784530384, "ɔl": 0.011049723756906077, "ed": 0.016574585635359115, "ɑrz": 0.0055248618784530384, "æl": 0.027624309392265192, "æm": 0.0055248618784530384, "ɜr": 0.04419889502762431, "en": 0.011049723756906077, "əl": 0.0055248618784530384, "ɑrm": 0.0055248618784530384, "ɪl": 0.0055248618784530384, "ez": 0.0055248618784530384, "ɪr": 0.0055248618784530384, "ɪg": 0.0055248618784530384, "ʌl": 0.0055248618784530384}, "2": {"em": 0.16666666666666666, "ɪn": 0.16666666666666666, "ju": 0.3333333333333333, "e": 0.16666666666666666, "ɑk": 0.16666666666666666}, "3": {"e": 0.26666666666666666, "aɪ": 0.06666666666666667, "ə": 0.06666666666666667, "ɪz": 0.06666666666666667, "æm": 0.06666666666666667, "oʊ": 0.06666666666666667, "i": 0.06666666666666667, "eɪ": 0.06666666666666667, "ɜrl": 0.06666666666666667, "el": 0.06666666666666667, "ɜr": 0.06666666666666667, "ez": 0.06666666666666667}, "4": {"oʊ": 0.06201550387596899, "e": 0.16279069767441862, "ɑ": 0.08527131782945736, "eɪ": 0.09302325581395349, "æ": 0.16279069767441862, "i": 0.007751937984496124, "ɜr": 0.015503875968992248, "ə": 0.09302325581395349, "aɪ": 0.06976744186046512, "ɔ": 0.031007751937984496, "ɑr": 0.007751937984496124, "eɪs": 0.007751937984496124, "ɑk": 0.007751937984496124, "el": 0.015503875968992248, "iv": 0.007751937984496124, "ɪ": 0.007751937984496124, "ɑl": 0.015503875968992248, "ɔr": 0.015503875968992248, "eɪmz": 0.007751937984496124, "ɪn": 0.015503875968992248, "æl": 0.015503875968992248, "ɔl": 0.023255813953488372, "aɪvz": 0.007751937984496124, "ɑg": 0.007751937984496124, "ɑs": 0.007751937984496124, "ɔz": 0.015503875968992248, "oʊl": 0.015503875968992248, "aɪk": 0.007751937984496124, "ɑt": 0.007751937984496124}}, "onset_en_ipa": {"oʊ": {"4": 0.7272727272727273, "1": 0.18181818181818182, "3": 0.09090909090909091}, "e": {"4": 0.3888888888888889, "3": 0.07407407407407407, "1": 0.5740740740740741, "2": 0.018518518518518517}, "ɑ": {"4": 0.4230769230769231, "1": 0.6153846153846154}, "ə": {"1": 0.5, "4": 0.46153846153846156, "3": 0.038461538461538464}, "eɪ": {"4": 0.6666666666666666, "1": 0.2777777777777778, "3": 0.05555555555555555}, "ɪ": {"1": 1.0, "4": 0.07142857142857142}, "æ": {"4": 0.4883720930232558, "1": 0.5581395348837209}, "i": {"1": 0.7777777777777778, "4": 0.1111111111111111, "3": 0.1111111111111111}, "ɜr": {"4": 0.2, "1": 0.8, "3": 0.1}, "aɪ": {"4": 0.75, "3": 0.08333333333333333, "1": 0.16666666666666666}, "æn": {"1": 1.0588235294117647}, "ɔ": {"4": 0.8, "1": 0.2}, "eɪn": {"1": 1.0}, "æk": {"1": 1.0}, "ɑr": {"1": 0.8888888888888888, "4": 0.1111111111111111}, "æʃ": {"1": 1.0}, "eɪs": {"4": 1.0}, "em": {"2": 1.0}, "el": {"1": 0.5714285714285714, "4": 0.2857142857142857, "3": 0.14285714285714285}, "ɪz": {"3": 1.0}, "ɑk": {"4": 0.5, "2": 0.5}, "ɑn": {"1": 1.0}, "ɔl": {"1": 0.4, "4": 0.6}, "ed": {"1": 1.0}, "iv": {"4": 1.0}, "ɑrz": {"1": 1.0}, "æm": {"3": 0.5, "1": 0.5}, "æl": {"1": 0.8333333333333334, "4": 0.3333333333333333}, "ɪn": {"2": 0.3333333333333333, "4": 0.6666666666666666}, "ɑl": {"4": 1.0}, "ɔr": {"4": 1.0}, "en": {"1": 1.0}, "əl": {"1": 1.0}, "eɪmz": {"4": 1.0}, "ju": {"2": 1.0}, "ɑrm": {"1": 1.0}, "ɜrl": {"3": 1.0}, "ɪl": {"1": 1.0}, "ez": {"1": 0.5, "3": 0.5}, "aɪvz": {"4": 1.0}, "ɑg": {"4": 1.0}, "ɑs": {"4": 1.0}, "ɔz": {"4": 1.0}, "ɪr": {"1": 1.0}, "oʊl": {"4": 2.0}, "aɪk": {"4": 1.0}, "ɪg": {"1": 1.0}, "ɑt": {"4": 1.0}, "ʌl": {"1": 1.0}}}